Workbook

Sheet Guia de Uso
B2: GUIA DE USO — Ejemplo de Registro de Tiempos de Ejecucion
B3: Estructura de Datos | Ing. Brandon Chitay | Universidad Da Vinci de Guatemala
B5: PROPOSITO DEL ARCHIVO | C5: Este archivo te muestra EXACTAMENTE como registrar tus tiempos, calcular promedios y generar las graficas. Los datos de muestra son ficticios (realistas pero inventados). Reemplazalos con los tiempos reales que obtengas al ejecutar tus algoritmos en Java.
B8: ESTRUCTURA DEL LIBRO | C8: 1. Datos_Crudos — tabla con las 5 ejecuciones y el promedio por algoritmo 2. Factorial — comparativa iterativo vs recursivo + grafica 3. Fibonacci — comparativa + grafica (ven la diferencia exponencial!) 4. Busqueda_Lineal — comparativa + grafica 5. Burbuja — comparativa + grafica 6. Conclusiones — tabla de Big-O experimental vs teorico
B11: CODIGO DE COLORES | C11: Fondo AMARILLO → Celdas que TU debes rellenar con tus mediciones reales Fondo VERDE → Formula automatica (promedio), NO la edites Fondo AZUL → Encabezado, no modificar Fondo GRIS → Dato de referencia calculado automaticamente
B14: COMO MEDIR EN JAVA | C14: long inicio = System.nanoTime(); // ... tu algoritmo aqui ... long fin = System.nanoTime(); double ms = (fin - inicio) / 1_000_000.0; Repite 5 veces y registra cada resultado en las columnas Ej.1 a Ej.5.
B17: COMO CREAR LA GRAFICA | C17: 1. Selecciona las columnas n, Iterativo y Recursivo de la hoja comparativa 2. Insertar → Grafico → Dispersion con lineas y marcadores 3. Agrega titulo: '[Algoritmo]: Iterativo vs Recursivo' 4. Eje X: Tamano (n) | Eje Y: Tiempo (ms) 5. Clic derecho en cada serie → Agregar linea de tendencia
B20: PREGUNTAS CLAVE | C20: Fibonacci: ¿por que el recursivo es tan mas lento que el iterativo? Burbuja: ¿cuanto aumenta el tiempo al duplicar n? (pista: 4x) ¿Cual algoritmo es el mas rapido? ¿El mas lento? ¿Vale la pena la elegancia del codigo recursivo para Fibonacci?

Sheet 1. Datos_Crudos
B1: HOJA 1 — Datos Crudos | Tiempos de Ejecucion (ms)
B2: Algoritmo | C2: Version | D2: n | E2: Ej. 1 (ms) | F2: Ej. 2 (ms) | G2: Ej. 3 (ms) | H2: Ej. 4 (ms) | I2: Ej. 5 (ms) | J2: PROMEDIO (ms)
B3: A1 - Factorial | C3: Iterativo | D3: 5 | E3: 0.00049 | F3: 0.00035 | G3: 0.00031 | H3: 0.00038 | I3: 0.00038 | J3: =AVERAGE(E3:I3) -> 0.000382
B4: A1 - Factorial | C4: Iterativo | D4: 10 | E4: 0.00032 | F4: 0.00018 | G4: 0.00019 | H4: 0.0002 | I4: 0.00023 | J4: =AVERAGE(E4:I4) -> 0.000224
B5: A1 - Factorial | C5: Iterativo | D5: 15 | E5: 0.00036 | F5: 0.00025 | G5: 0.00023 | H5: 0.0003 | I5: 0.00022 | J5: =AVERAGE(E5:I5) -> 0.000272
B6: A1 - Factorial | C6: Iterativo | D6: 20 | E6: 0.00029 | F6: 0.00026 | G6: 0.00026 | H6: 0.00042 | I6: 0.00027 | J6: =AVERAGE(E6:I6) -> 0.0003
B7: A1 - Factorial | C7: Iterativo | D7: 25 | E7: 0.00032 | F7: 0.00031 | G7: 0.00031 | H7: 0.0005 | I7: 0.00029 | J7: =AVERAGE(E7:I7) -> 0.000346
B8: A1 - Factorial | C8: Iterativo | D8: 30 | E8: 0.00057 | F8: 0.0005 | G8: 0.00042 | H8: 0.00057 | I8: 0.00081 | J8: =AVERAGE(E8:I8) -> 0.000574
B9: A1 - Factorial | C9: Recursivo | D9: 5 | E9: 0.00045 | F9: 0.00038 | G9: 0.00058 | H9: 0.00066 | I9: 0.00045 | J9: =AVERAGE(E9:I9) -> 0.000504
B10: A1 - Factorial | C10: Recursivo | D10: 10 | E10: 0.00045 | F10: 0.00042 | G10: 0.00045 | H10: 0.00052 | I10: 0.00069 | J10: =AVERAGE(E10:I10) -> 0.000506
B11: A1 - Factorial | C11: Recursivo | D11: 15 | E11: 0.00098 | F11: 0.00166 | G11: 0.00105 | H11: 0.00118 | I11: 0.00104 | J11: =AVERAGE(E11:I11) -> 0.001182
B12: A1 - Factorial | C12: Recursivo | D12: 20 | E12: 0.00015 | F12: 0.00023 | G12: 0.00018 | H12: 0.00017 | I12: 0.00026 | J12: =AVERAGE(E12:I12) -> 0.000198
B13: A1 - Factorial | C13: Recursivo | D13: 25 | E13: 0.00022 | F13: 0.00017 | G13: 0.00029 | H13: 0.00017 | I13: 0.00021 | J13: =AVERAGE(E13:I13) -> 0.000212
B14: A1 - Factorial | C14: Recursivo | D14: 30 | E14: 0.00022 | F14: 0.00016 | G14: 0.00024 | H14: 0.00018 | I14: 0.00024 | J14: =AVERAGE(E14:I14) -> 0.000208
... B49: A4 - Burbuja | C49: Recursivo | D49: 10000 | E49: 87.5479 | F49: 84.48316 | G49: 84.7215 | H49: 84.74015 | I49: 85.20222 | J49: =AVERAGE(E49:I49) -> 85.338986
B52: Leyenda: Fondo AMARILLO = ingresa tu medicion real | Fondo VERDE = promedio automatico (no editar) | Fondo NARANJA = version recursiva

Sheet 2. Factorial
B1: HOJA — A1 - Factorial | Iterativo vs. Recursivo
B2: Big-O Iterativo: | C2: O(n) | D2: Big-O Recursivo: O(n)
B4: n | C4: Iterativo (O(n)) | D4: Recursivo (O(n))
B5: 5 | C5: =AVERAGEIFS('1. Datos_Crudos'!$J:$J,'1. Datos_Crudos'!$B:$B,"A1 - Factorial",'1. Datos_Crudos'!$C:$C,"Iterativo",'1. Datos_Crudos'!$D:$D,B5) -> 0.000382 | D5: =AVERAGEIFS('1. Datos_Crudos'!$J:$J,'1. Datos_Crudos'!$B:$B,"A1 - Factorial",'1. Datos_Crudos'!$C:$C,"Recursivo",'1. Datos_Crudos'!$D:$D,B5) -> 0.000504
B6: 10 | C6: =AVERAGEIFS('1. Datos_Crudos'!$J:$J,'1. Datos_Crudos'!$B:$B,"A1 - Factorial",'1. Datos_Crudos'!$C:$C,"Iterativo",'1. Datos_Crudos'!$D:$D,B6) -> 0.000224 | D6: =AVERAGEIFS('1. Datos_Crudos'!$J:$J,'1. Datos_Crudos'!$B:$B,"A1 - Factorial",'1. Datos_Crudos'!$C:$C,"Recursivo",'1. Datos_Crudos'!$D:$D,B6) -> 0.000506
B7: 15 | C7: =AVERAGEIFS('1. Datos_Crudos'!$J:$J,'1. Datos_Crudos'!$B:$B,"A1 - Factorial",'1. Datos_Crudos'!$C:$C,"Iterativo",'1. Datos_Crudos'!$D:$D,B7) -> 0.000272 | D7: =AVERAGEIFS('1. Datos_Crudos'!$J:$J,'1. Datos_Crudos'!$B:$B,"A1 - Factorial",'1. Datos_Crudos'!$C:$C,"Recursivo",'1. Datos_Crudos'!$D:$D,B7) -> 0.001182
B8: 20 | C8: =AVERAGEIFS('1. Datos_Crudos'!$J:$J,'1. Datos_Crudos'!$B:$B,"A1 - Factorial",'1. Datos_Crudos'!$C:$C,"Iterativo",'1. Datos_Crudos'!$D:$D,B8) -> 0.0003 | D8: =AVERAGEIFS('1. Datos_Crudos'!$J:$J,'1. Datos_Crudos'!$B:$B,"A1 - Factorial",'1. Datos_Crudos'!$C:$C,"Recursivo",'1. Datos_Crudos'!$D:$D,B8) -> 0.000198
B9: 25 | C9: =AVERAGEIFS('1. Datos_Crudos'!$J:$J,'1. Datos_Crudos'!$B:$B,"A1 - Factorial",'1. Datos_Crudos'!$C:$C,"Iterativo",'1. Datos_Crudos'!$D:$D,B9) -> 0.000346 | D9: =AVERAGEIFS('1. Datos_Crudos'!$J:$J,'1. Datos_Crudos'!$B:$B,"A1 - Factorial",'1. Datos_Crudos'!$C:$C,"Recursivo",'1. Datos_Crudos'!$D:$D,B9) -> 0.000212
B10: 30 | C10: =AVERAGEIFS('1. Datos_Crudos'!$J:$J,'1. Datos_Crudos'!$B:$B,"A1 - Factorial",'1. Datos_Crudos'!$C:$C,"Iterativo",'1. Datos_Crudos'!$D:$D,B10) -> 0.000574 | D10: =AVERAGEIFS('1. Datos_Crudos'!$J:$J,'1. Datos_Crudos'!$B:$B,"A1 - Factorial",'1. Datos_Crudos'!$C:$C,"Recursivo",'1. Datos_Crudos'!$D:$D,B10) -> 0.000208
B12: Observacion: Ambas versiones son O(n): el tiempo crece linealmente con n.

Sheet 3. Fibonacci
B1: HOJA — A2 - Fibonacci | Iterativo vs. Recursivo
B2: Big-O Iterativo: | C2: O(n) | D2: Big-O Recursivo: O(2^n)
B4: n | C4: Iterativo (O(n)) | D4: Recursivo (O(2^n))
B5: 5 | C5: =AVERAGEIFS('1. Datos_Crudos'!$J:$J,'1. Datos_Crudos'!$B:$B,"A2 - Fibonacci",'1. Datos_Crudos'!$C:$C,"Iterativo",'1. Datos_Crudos'!$D:$D,B5) -> 0.000582 | D5: =AVERAGEIFS('1. Datos_Crudos'!$J:$J,'1. Datos_Crudos'!$B:$B,"A2 - Fibonacci",'1. Datos_Crudos'!$C:$C,"Recursivo",'1. Datos_Crudos'!$D:$D,B5) -> 0.00101
B6: 10 | C6: =AVERAGEIFS('1. Datos_Crudos'!$J:$J,'1. Datos_Crudos'!$B:$B,"A2 - Fibonacci",'1. Datos_Crudos'!$C:$C,"Iterativo",'1. Datos_Crudos'!$D:$D,B6) -> 0.000266 | D6: =AVERAGEIFS('1. Datos_Crudos'!$J:$J,'1. Datos_Crudos'!$B:$B,"A2 - Fibonacci",'1. Datos_Crudos'!$C:$C,"Recursivo",'1. Datos_Crudos'!$D:$D,B6) -> 0.006698
B7: 15 | C7: =AVERAGEIFS('1. Datos_Crudos'!$J:$J,'1. Datos_Crudos'!$B:$B,"A2 - Fibonacci",'1. Datos_Crudos'!$C:$C,"Iterativo",'1. Datos_Crudos'!$D:$D,B7) -> 0.000394 | D7: =AVERAGEIFS('1. Datos_Crudos'!$J:$J,'1. Datos_Crudos'!$B:$B,"A2 - Fibonacci",'1. Datos_Crudos'!$C:$C,"Recursivo",'1. Datos_Crudos'!$D:$D,B7) -> 0.01019
B8: 20 | C8: =AVERAGEIFS('1. Datos_Crudos'!$J:$J,'1. Datos_Crudos'!$B:$B,"A2 - Fibonacci",'1. Datos_Crudos'!$C:$C,"Iterativo",'1. Datos_Crudos'!$D:$D,B8) -> 0.0004 | D8: =AVERAGEIFS('1. Datos_Crudos'!$J:$J,'1. Datos_Crudos'!$B:$B,"A2 - Fibonacci",'1. Datos_Crudos'!$C:$C,"Recursivo",'1. Datos_Crudos'!$D:$D,B8) -> 0.041046
B9: 25 | C9: =AVERAGEIFS('1. Datos_Crudos'!$J:$J,'1. Datos_Crudos'!$B:$B,"A2 - Fibonacci",'1. Datos_Crudos'!$C:$C,"Iterativo",'1. Datos_Crudos'!$D:$D,B9) -> 0.000442 | D9: =AVERAGEIFS('1. Datos_Crudos'!$J:$J,'1. Datos_Crudos'!$B:$B,"A2 - Fibonacci",'1. Datos_Crudos'!$C:$C,"Recursivo",'1. Datos_Crudos'!$D:$D,B9) -> 0.319238
B10: 30 | C10: =AVERAGEIFS('1. Datos_Crudos'!$J:$J,'1. Datos_Crudos'!$B:$B,"A2 - Fibonacci",'1. Datos_Crudos'!$C:$C,"Iterativo",'1. Datos_Crudos'!$D:$D,B10) -> 0.0007 | D10: =AVERAGEIFS('1. Datos_Crudos'!$J:$J,'1. Datos_Crudos'!$B:$B,"A2 - Fibonacci",'1. Datos_Crudos'!$C:$C,"Recursivo",'1. Datos_Crudos'!$D:$D,B10) -> 3.85474
B12: Observacion: Recursivo crece exponencialmente: duplicar n casi cuadriplica el tiempo.

Sheet 4. Busqueda Lineal
B1: HOJA — A3 - Busqueda Lineal | Iterativo vs. Recursivo
B2: Big-O Iterativo: | C2: O(n) | D2: Big-O Recursivo: O(n)
B4: n | C4: Iterativo (O(n)) | D4: Recursivo (O(n))
B5: 100 | C5: =AVERAGEIFS('1. Datos_Crudos'!$J:$J,'1. Datos_Crudos'!$B:$B,"A3 - Busqueda Lineal",'1. Datos_Crudos'!$C:$C,"Iterativo",'1. Datos_Crudos'!$D:$D,B5) -> 0.027234 | D5: =AVERAGEIFS('1. Datos_Crudos'!$J:$J,'1. Datos_Crudos'!$B:$B,"A3 - Busqueda Lineal",'1. Datos_Crudos'!$C:$C,"Recursivo",'1. Datos_Crudos'!$D:$D,B5) -> 0.007086
B6: 500 | C6: =AVERAGEIFS('1. Datos_Crudos'!$J:$J,'1. Datos_Crudos'!$B:$B,"A3 - Busqueda Lineal",'1. Datos_Crudos'!$C:$C,"Iterativo",'1. Datos_Crudos'!$D:$D,B6) -> 0.03041 | D6: =AVERAGEIFS('1. Datos_Crudos'!$J:$J,'1. Datos_Crudos'!$B:$B,"A3 - Busqueda Lineal",'1. Datos_Crudos'!$C:$C,"Recursivo",'1. Datos_Crudos'!$D:$D,B6) -> 0.014536
B7: 1000 | C7: =AVERAGEIFS('1. Datos_Crudos'!$J:$J,'1. Datos_Crudos'!$B:$B,"A3 - Busqueda Lineal",'1. Datos_Crudos'!$C:$C,"Iterativo",'1. Datos_Crudos'!$D:$D,B7) -> 0.049702 | D7: =AVERAGEIFS('1. Datos_Crudos'!$J:$J,'1. Datos_Crudos'!$B:$B,"A3 - Busqueda Lineal",'1. Datos_Crudos'!$C:$C,"Recursivo",'1. Datos_Crudos'!$D:$D,B7) -> 0.022212
B8: 5000 | C8: =AVERAGEIFS('1. Datos_Crudos'!$J:$J,'1. Datos_Crudos'!$B:$B,"A3 - Busqueda Lineal",'1. Datos_Crudos'!$C:$C,"Iterativo",'1. Datos_Crudos'!$D:$D,B8) -> 0.194888 | D8: =AVERAGEIFS('1. Datos_Crudos'!$J:$J,'1. Datos_Crudos'!$B:$B,"A3 - Busqueda Lineal",'1. Datos_Crudos'!$C:$C,"Recursivo",'1. Datos_Crudos'!$D:$D,B8) -> 0.111106
B9: 10000 | C9: =AVERAGEIFS('1. Datos_Crudos'!$J:$J,'1. Datos_Crudos'!$B:$B,"A3 - Busqueda Lineal",'1. Datos_Crudos'!$C:$C,"Iterativo",'1. Datos_Crudos'!$D:$D,B9) -> 0.153518 | D9: =AVERAGEIFS('1. Datos_Crudos'!$J:$J,'1. Datos_Crudos'!$B:$B,"A3 - Busqueda Lineal",'1. Datos_Crudos'!$C:$C,"Recursivo",'1. Datos_Crudos'!$D:$D,B9) -> 0.1941
B11: Observacion: Ambas O(n): al multiplicar n x10, el tiempo tambien x10 aprox.

Sheet 5. Burbuja
B1: HOJA — A4 - Burbuja | Iterativo vs. Recursivo
B2: Big-O Iterativo: | C2: O(n^2) | D2: Big-O Recursivo: O(n^2)
B4: n | C4: Iterativo (O(n^2)) | D4: Recursivo (O(n^2))
B5: 100 | C5: =AVERAGEIFS('1. Datos_Crudos'!$J:$J,'1. Datos_Crudos'!$B:$B,"A4 - Burbuja",'1. Datos_Crudos'!$C:$C,"Iterativo",'1. Datos_Crudos'!$D:$D,B5) -> 0.116758 | D5: =AVERAGEIFS('1. Datos_Crudos'!$J:$J,'1. Datos_Crudos'!$B:$B,"A4 - Burbuja",'1. Datos_Crudos'!$C:$C,"Recursivo",'1. Datos_Crudos'!$D:$D,B5) -> 0.049962
B6: 500 | C6: =AVERAGEIFS('1. Datos_Crudos'!$J:$J,'1. Datos_Crudos'!$B:$B,"A4 - Burbuja",'1. Datos_Crudos'!$C:$C,"Iterativo",'1. Datos_Crudos'!$D:$D,B6) -> 0.541054 | D6: =AVERAGEIFS('1. Datos_Crudos'!$J:$J,'1. Datos_Crudos'!$B:$B,"A4 - Burbuja",'1. Datos_Crudos'!$C:$C,"Recursivo",'1. Datos_Crudos'!$D:$D,B6) -> 0.374874
B7: 1000 | C7: =AVERAGEIFS('1. Datos_Crudos'!$J:$J,'1. Datos_Crudos'!$B:$B,"A4 - Burbuja",'1. Datos_Crudos'!$C:$C,"Iterativo",'1. Datos_Crudos'!$D:$D,B7) -> 0.867718 | D7: =AVERAGEIFS('1. Datos_Crudos'!$J:$J,'1. Datos_Crudos'!$B:$B,"A4 - Burbuja",'1. Datos_Crudos'!$C:$C,"Recursivo",'1. Datos_Crudos'!$D:$D,B7) -> 0.689574
B8: 5000 | C8: =AVERAGEIFS('1. Datos_Crudos'!$J:$J,'1. Datos_Crudos'!$B:$B,"A4 - Burbuja",'1. Datos_Crudos'!$C:$C,"Iterativo",'1. Datos_Crudos'!$D:$D,B8) -> 22.316938 | D8: =AVERAGEIFS('1. Datos_Crudos'!$J:$J,'1. Datos_Crudos'!$B:$B,"A4 - Burbuja",'1. Datos_Crudos'!$C:$C,"Recursivo",'1. Datos_Crudos'!$D:$D,B8) -> 17.191718
B9: 10000 | C9: =AVERAGEIFS('1. Datos_Crudos'!$J:$J,'1. Datos_Crudos'!$B:$B,"A4 - Burbuja",'1. Datos_Crudos'!$C:$C,"Iterativo",'1. Datos_Crudos'!$D:$D,B9) -> 107.72503 | D9: =AVERAGEIFS('1. Datos_Crudos'!$J:$J,'1. Datos_Crudos'!$B:$B,"A4 - Burbuja",'1. Datos_Crudos'!$C:$C,"Recursivo",'1. Datos_Crudos'!$D:$D,B9) -> 85.338986
B11: Observacion: Ambas O(n^2): al x10 n, el tiempo aumenta aprox x100.

Sheet 6. Conclusiones
B1: HOJA 6 — Conclusiones | Big-O Experimental vs. Teorico
B3: Algoritmo | C3: Version | D3: Big-O Experimental (de tu grafica) | E3: Big-O Teorico | F3: Coincide? | G3: Justificacion breve
B4: A1 - Factorial | C4: Iterativo | D4: O(n) | E4: O(n) | F4: Si | G4: Es casi una línea recta con pequeños cambios basado en el numero "n"
B5: A1 - Factorial | C5: Recursivo | D5: O(n) | E5: O(n) | F5: Si | G5: El salto que da en n=15 se puede interpretar como ruido por lo que también es una grafica lineal
B6: A2 - Fibonacci | C6: Iterativo | D6: O(n) | E6: O(n) | F6: Si | G6: Una curva ascendente que tiene ciertos picos o bajos por los valores tan pequeños que estamos usando
B7: A2 - Fibonacci | C7: Recursivo | D7: O(2^n) | E7: O(2^n) | F7: Si | G7: La curva sube de repente exponencialmente
B8: A3 - Búsqueda Lineal | C8: Iterativo | D8: O(n) | E8: O(n) | F8: Si | G8: Son curvas que incrementan de forma rápida, sin embargo como el valor literal del incremento es relativamente bajo se sigue considerando como O(n). Para n=5000 se puede interpretar como ruido o una cuestión directamente de mi equipo
B9: A3 - Búsqueda Lineal | C9: Recursivo | D9: O(n) | E9: O(n) | F9: Si | G9: Son curvas que incrementan de forma rápida, sin embargo como el valor literal del incremento es relativamente bajo se sigue considerando como O(n)
B10: A4 - Burbuja | C10: Iterativo | D10: O(n^2) | E10: O(n^2) | F10: Si | G10: Estos si concuerdan con lo teórico de una forma bastante clara ya que suben casi de la misma forma con forme incrementan los valores de n
B11: A4 - Burbuja | C11: Recursivo | D11: O(n^2) | E11: O(n^2) | F11: Si | G11: Estos si concuerdan con lo teórico de una forma bastante clara ya que suben casi de la misma forma con forme incrementan los valores de n
B15: Guia para interpretar tus graficas:
B16: Linea recta en grafica | C16: → Big-O es probablemente O(1) o O(n)
B17: Curva suave ascendente | C17: → Big-O es probablemente O(n) o O(log n)
B18: Curva que sube rapido | C18: → Big-O es probablemente O(n^2)
B19: Curva que explota (vertical) | C19: → Big-O es probablemente O(2^n)
